{"cameraMode":{"drawMode":0,"name":"Shaded","section":"Shading Mode"},"sceneLighting":false,"audioPlay":false,"sceneViewState":{"m_AlwaysRefresh":false,"showFog":true,"showSkybox":false,"showFlares":true,"showImageEffects":true,"showParticleSystems":true,"showVisualEffectGraphs":true,"m_FxEnabled":true},"in2DMode":false,"pivot":{"x":45.699222564697269,"y":-0.335003137588501,"z":-0.33020806312561037},"rotation":{"x":0.23788489401340486,"y":0.4287112057209015,"z":-0.11809933930635452,"w":0.8635384440422058},"size":1.9133989810943604,"orthographic":false}