{"cameraMode":{"drawMode":0,"name":"Shaded","section":"Shading Mode"},"sceneLighting":true,"audioPlay":false,"sceneViewState":{"m_AlwaysRefresh":false,"showFog":true,"showSkybox":false,"showFlares":true,"showImageEffects":true,"showParticleSystems":true,"showVisualEffectGraphs":true,"m_FxEnabled":true},"in2DMode":false,"pivot":{"x":-45.59000015258789,"y":0.041999995708465579,"z":0.24000000953674317},"rotation":{"x":0.10273938626050949,"y":0.12973757088184358,"z":-0.013513811863958836,"w":0.9861329793930054},"size":3.5248000621795656,"orthographic":false}